Source,Target,Type,Category
328,166,Directed,Service
329,167,Directed,Service
330,168,Directed,Service
331,169,Directed,Service
332,170,Directed,Service
333,171,Directed,Service
334,172,Directed,Service
335,173,Directed,Service
336,174,Directed,Service
337,175,Directed,Service
338,176,Directed,Service
339,177,Directed,Service
340,178,Directed,Service
341,179,Directed,Service
342,180,Directed,Service
343,181,Directed,Service
344,182,Directed,Service
345,183,Directed,Service
346,184,Directed,Service
347,185,Directed,Service
348,186,Directed,Service
349,187,Directed,Service
350,188,Directed,Service
351,189,Directed,Service
352,190,Directed,Service
353,191,Directed,Service
354,192,Directed,Service
355,193,Directed,Service
356,194,Directed,Service
357,195,Directed,Service
358,196,Directed,Service
359,197,Directed,Service
360,198,Directed,Service
361,199,Directed,Service
362,200,Directed,Service
363,201,Directed,Service
364,202,Directed,Service
365,203,Directed,Service
366,204,Directed,Service
367,205,Directed,Service
368,206,Directed,Service
369,207,Directed,Service
370,208,Directed,Service
371,209,Directed,Service
372,210,Directed,Service
373,211,Directed,Service
374,212,Directed,Service
375,213,Directed,Service
376,214,Directed,Service
377,215,Directed,Service
378,216,Directed,Service
379,217,Directed,Service
380,218,Directed,Service
381,219,Directed,Service
382,220,Directed,Service
383,221,Directed,Service
384,222,Directed,Service
385,223,Directed,Service
386,224,Directed,Service
387,225,Directed,Service
388,226,Directed,Service
389,227,Directed,Service
390,228,Directed,Service
391,229,Directed,Service
392,230,Directed,Service
393,231,Directed,Service
394,232,Directed,Service
395,233,Directed,Service
396,234,Directed,Service
397,235,Directed,Service
398,236,Directed,Service
399,237,Directed,Service
400,238,Directed,Service
401,239,Directed,Service
402,240,Directed,Service
403,241,Directed,Service
404,242,Directed,Service
405,243,Directed,Service
406,244,Directed,Service
407,245,Directed,Service
408,246,Directed,Service
247,409,Directed,Service
248,410,Directed,Service
249,411,Directed,Service
250,412,Directed,Service
251,413,Directed,Service
252,414,Directed,Service
253,415,Directed,Service
254,416,Directed,Service
255,417,Directed,Service
256,418,Directed,Service
257,419,Directed,Service
258,420,Directed,Service
259,421,Directed,Service
260,422,Directed,Service
261,423,Directed,Service
262,424,Directed,Service
263,425,Directed,Service
264,426,Directed,Service
265,427,Directed,Service
266,428,Directed,Service
267,429,Directed,Service
268,430,Directed,Service
269,431,Directed,Service
270,432,Directed,Service
271,433,Directed,Service
272,434,Directed,Service
273,435,Directed,Service
274,436,Directed,Service
275,437,Directed,Service
276,438,Directed,Service
277,439,Directed,Service
278,440,Directed,Service
279,441,Directed,Service
280,442,Directed,Service
281,443,Directed,Service
282,444,Directed,Service
283,445,Directed,Service
284,446,Directed,Service
285,447,Directed,Service
286,448,Directed,Service
287,449,Directed,Service
288,450,Directed,Service
289,451,Directed,Service
290,452,Directed,Service
291,453,Directed,Service
292,454,Directed,Service
293,455,Directed,Service
294,456,Directed,Service
295,457,Directed,Service
296,458,Directed,Service
297,459,Directed,Service
298,460,Directed,Service
299,461,Directed,Service
300,462,Directed,Service
301,463,Directed,Service
302,464,Directed,Service
303,465,Directed,Service
304,466,Directed,Service
305,467,Directed,Service
306,468,Directed,Service
307,469,Directed,Service
308,470,Directed,Service
309,471,Directed,Service
310,472,Directed,Service
311,473,Directed,Service
312,474,Directed,Service
313,475,Directed,Service
314,476,Directed,Service
315,477,Directed,Service
316,478,Directed,Service
317,479,Directed,Service
318,480,Directed,Service
319,481,Directed,Service
320,482,Directed,Service
321,483,Directed,Service
322,484,Directed,Service
323,485,Directed,Service
324,486,Directed,Service
325,487,Directed,Service
326,488,Directed,Service
327,489,Directed,Service
166,330,Directed,Overhead
167,331,Directed,Overhead
168,333,Directed,Overhead
169,335,Directed,Overhead
170,336,Directed,Overhead
171,337,Directed,Overhead
172,338,Directed,Overhead
173,339,Directed,Overhead
174,340,Directed,Overhead
175,341,Directed,Overhead
176,342,Directed,Overhead
177,343,Directed,Overhead
178,344,Directed,Overhead
179,345,Directed,Overhead
180,346,Directed,Overhead
181,348,Directed,Overhead
182,349,Directed,Overhead
184,350,Directed,Overhead
186,351,Directed,Overhead
187,352,Directed,Overhead
188,353,Directed,Overhead
189,354,Directed,Overhead
190,355,Directed,Overhead
191,356,Directed,Overhead
192,357,Directed,Overhead
193,358,Directed,Overhead
194,359,Directed,Overhead
195,360,Directed,Overhead
196,361,Directed,Overhead
197,362,Directed,Overhead
198,363,Directed,Overhead
199,364,Directed,Overhead
200,365,Directed,Overhead
201,366,Directed,Overhead
202,367,Directed,Overhead
203,368,Directed,Overhead
204,369,Directed,Overhead
205,370,Directed,Overhead
206,371,Directed,Overhead
207,372,Directed,Overhead
208,373,Directed,Overhead
209,374,Directed,Overhead
210,376,Directed,Overhead
211,377,Directed,Overhead
212,378,Directed,Overhead
213,379,Directed,Overhead
214,380,Directed,Overhead
215,381,Directed,Overhead
216,382,Directed,Overhead
217,383,Directed,Overhead
218,384,Directed,Overhead
219,385,Directed,Overhead
220,386,Directed,Overhead
221,387,Directed,Overhead
222,388,Directed,Overhead
223,389,Directed,Overhead
224,390,Directed,Overhead
225,391,Directed,Overhead
226,392,Directed,Overhead
227,393,Directed,Overhead
228,394,Directed,Overhead
230,395,Directed,Overhead
231,396,Directed,Overhead
232,397,Directed,Overhead
233,398,Directed,Overhead
234,399,Directed,Overhead
235,400,Directed,Overhead
236,401,Directed,Overhead
237,402,Directed,Overhead
238,403,Directed,Overhead
239,404,Directed,Overhead
241,405,Directed,Overhead
242,406,Directed,Overhead
243,407,Directed,Overhead
244,408,Directed,Overhead
409,249,Directed,Overhead
410,250,Directed,Overhead
411,251,Directed,Overhead
412,253,Directed,Overhead
413,255,Directed,Overhead
414,256,Directed,Overhead
415,257,Directed,Overhead
416,258,Directed,Overhead
417,259,Directed,Overhead
418,260,Directed,Overhead
419,261,Directed,Overhead
420,262,Directed,Overhead
421,263,Directed,Overhead
422,264,Directed,Overhead
423,265,Directed,Overhead
424,266,Directed,Overhead
425,267,Directed,Overhead
426,268,Directed,Overhead
427,269,Directed,Overhead
428,270,Directed,Overhead
430,271,Directed,Overhead
431,272,Directed,Overhead
432,273,Directed,Overhead
433,274,Directed,Overhead
434,275,Directed,Overhead
435,276,Directed,Overhead
436,277,Directed,Overhead
437,278,Directed,Overhead
438,279,Directed,Overhead
439,280,Directed,Overhead
440,281,Directed,Overhead
441,282,Directed,Overhead
442,283,Directed,Overhead
443,284,Directed,Overhead
444,285,Directed,Overhead
445,286,Directed,Overhead
446,287,Directed,Overhead
447,288,Directed,Overhead
448,289,Directed,Overhead
449,290,Directed,Overhead
450,291,Directed,Overhead
451,292,Directed,Overhead
452,293,Directed,Overhead
453,294,Directed,Overhead
454,295,Directed,Overhead
455,296,Directed,Overhead
456,297,Directed,Overhead
457,298,Directed,Overhead
458,299,Directed,Overhead
459,301,Directed,Overhead
460,302,Directed,Overhead
461,303,Directed,Overhead
462,304,Directed,Overhead
463,305,Directed,Overhead
464,306,Directed,Overhead
465,307,Directed,Overhead
466,308,Directed,Overhead
467,309,Directed,Overhead
468,310,Directed,Overhead
469,311,Directed,Overhead
471,312,Directed,Overhead
473,314,Directed,Overhead
474,315,Directed,Overhead
475,316,Directed,Overhead
476,317,Directed,Overhead
477,318,Directed,Overhead
478,319,Directed,Overhead
479,320,Directed,Overhead
480,321,Directed,Overhead
481,322,Directed,Overhead
482,323,Directed,Overhead
483,324,Directed,Overhead
484,325,Directed,Overhead
486,326,Directed,Overhead
487,327,Directed,Overhead
490,328,Directed,Depot
491,166,Directed,Depot
490,329,Directed,Depot
491,167,Directed,Depot
490,330,Directed,Depot
491,168,Directed,Depot
490,331,Directed,Depot
491,169,Directed,Depot
490,332,Directed,Depot
491,170,Directed,Depot
490,333,Directed,Depot
491,171,Directed,Depot
490,334,Directed,Depot
491,172,Directed,Depot
490,335,Directed,Depot
491,173,Directed,Depot
490,336,Directed,Depot
491,174,Directed,Depot
490,337,Directed,Depot
491,175,Directed,Depot
490,338,Directed,Depot
491,176,Directed,Depot
490,339,Directed,Depot
491,177,Directed,Depot
490,340,Directed,Depot
491,178,Directed,Depot
490,341,Directed,Depot
491,179,Directed,Depot
490,342,Directed,Depot
491,180,Directed,Depot
490,343,Directed,Depot
491,181,Directed,Depot
490,344,Directed,Depot
491,182,Directed,Depot
490,345,Directed,Depot
491,183,Directed,Depot
490,346,Directed,Depot
491,184,Directed,Depot
490,347,Directed,Depot
491,185,Directed,Depot
490,348,Directed,Depot
491,186,Directed,Depot
490,349,Directed,Depot
491,187,Directed,Depot
490,350,Directed,Depot
491,188,Directed,Depot
490,351,Directed,Depot
491,189,Directed,Depot
490,352,Directed,Depot
491,190,Directed,Depot
490,353,Directed,Depot
491,191,Directed,Depot
490,354,Directed,Depot
491,192,Directed,Depot
490,355,Directed,Depot
491,193,Directed,Depot
490,356,Directed,Depot
491,194,Directed,Depot
490,357,Directed,Depot
491,195,Directed,Depot
490,358,Directed,Depot
491,196,Directed,Depot
490,359,Directed,Depot
491,197,Directed,Depot
490,360,Directed,Depot
491,198,Directed,Depot
490,361,Directed,Depot
491,199,Directed,Depot
490,362,Directed,Depot
491,200,Directed,Depot
490,363,Directed,Depot
491,201,Directed,Depot
490,364,Directed,Depot
491,202,Directed,Depot
490,365,Directed,Depot
491,203,Directed,Depot
490,366,Directed,Depot
491,204,Directed,Depot
490,367,Directed,Depot
491,205,Directed,Depot
490,368,Directed,Depot
491,206,Directed,Depot
490,369,Directed,Depot
491,207,Directed,Depot
490,370,Directed,Depot
491,208,Directed,Depot
490,371,Directed,Depot
491,209,Directed,Depot
490,372,Directed,Depot
491,210,Directed,Depot
490,373,Directed,Depot
491,211,Directed,Depot
490,374,Directed,Depot
491,212,Directed,Depot
490,375,Directed,Depot
491,213,Directed,Depot
490,376,Directed,Depot
491,214,Directed,Depot
490,377,Directed,Depot
491,215,Directed,Depot
490,378,Directed,Depot
491,216,Directed,Depot
490,379,Directed,Depot
491,217,Directed,Depot
490,380,Directed,Depot
491,218,Directed,Depot
490,381,Directed,Depot
491,219,Directed,Depot
490,382,Directed,Depot
491,220,Directed,Depot
490,383,Directed,Depot
491,221,Directed,Depot
490,384,Directed,Depot
491,222,Directed,Depot
490,385,Directed,Depot
491,223,Directed,Depot
490,386,Directed,Depot
491,224,Directed,Depot
490,387,Directed,Depot
491,225,Directed,Depot
490,388,Directed,Depot
491,226,Directed,Depot
490,389,Directed,Depot
491,227,Directed,Depot
490,390,Directed,Depot
491,228,Directed,Depot
490,391,Directed,Depot
491,229,Directed,Depot
490,392,Directed,Depot
491,230,Directed,Depot
490,393,Directed,Depot
491,231,Directed,Depot
490,394,Directed,Depot
491,232,Directed,Depot
490,395,Directed,Depot
491,233,Directed,Depot
490,396,Directed,Depot
491,234,Directed,Depot
490,397,Directed,Depot
491,235,Directed,Depot
490,398,Directed,Depot
491,236,Directed,Depot
490,399,Directed,Depot
491,237,Directed,Depot
490,400,Directed,Depot
491,238,Directed,Depot
490,401,Directed,Depot
491,239,Directed,Depot
490,402,Directed,Depot
491,240,Directed,Depot
490,403,Directed,Depot
491,241,Directed,Depot
490,404,Directed,Depot
491,242,Directed,Depot
490,405,Directed,Depot
491,243,Directed,Depot
490,406,Directed,Depot
491,244,Directed,Depot
490,407,Directed,Depot
491,245,Directed,Depot
490,408,Directed,Depot
491,246,Directed,Depot
490,247,Directed,Depot
491,409,Directed,Depot
490,248,Directed,Depot
491,410,Directed,Depot
490,249,Directed,Depot
491,411,Directed,Depot
490,250,Directed,Depot
491,412,Directed,Depot
490,251,Directed,Depot
491,413,Directed,Depot
490,252,Directed,Depot
491,414,Directed,Depot
490,253,Directed,Depot
491,415,Directed,Depot
490,254,Directed,Depot
491,416,Directed,Depot
490,255,Directed,Depot
491,417,Directed,Depot
490,256,Directed,Depot
491,418,Directed,Depot
490,257,Directed,Depot
491,419,Directed,Depot
490,258,Directed,Depot
491,420,Directed,Depot
490,259,Directed,Depot
491,421,Directed,Depot
490,260,Directed,Depot
491,422,Directed,Depot
490,261,Directed,Depot
491,423,Directed,Depot
490,262,Directed,Depot
491,424,Directed,Depot
490,263,Directed,Depot
491,425,Directed,Depot
490,264,Directed,Depot
491,426,Directed,Depot
490,265,Directed,Depot
491,427,Directed,Depot
490,266,Directed,Depot
491,428,Directed,Depot
490,267,Directed,Depot
491,429,Directed,Depot
490,268,Directed,Depot
491,430,Directed,Depot
490,269,Directed,Depot
491,431,Directed,Depot
490,270,Directed,Depot
491,432,Directed,Depot
490,271,Directed,Depot
491,433,Directed,Depot
490,272,Directed,Depot
491,434,Directed,Depot
490,273,Directed,Depot
491,435,Directed,Depot
490,274,Directed,Depot
491,436,Directed,Depot
490,275,Directed,Depot
491,437,Directed,Depot
490,276,Directed,Depot
491,438,Directed,Depot
490,277,Directed,Depot
491,439,Directed,Depot
490,278,Directed,Depot
491,440,Directed,Depot
490,279,Directed,Depot
491,441,Directed,Depot
490,280,Directed,Depot
491,442,Directed,Depot
490,281,Directed,Depot
491,443,Directed,Depot
490,282,Directed,Depot
491,444,Directed,Depot
490,283,Directed,Depot
491,445,Directed,Depot
490,284,Directed,Depot
491,446,Directed,Depot
490,285,Directed,Depot
491,447,Directed,Depot
490,286,Directed,Depot
491,448,Directed,Depot
490,287,Directed,Depot
491,449,Directed,Depot
490,288,Directed,Depot
491,450,Directed,Depot
490,289,Directed,Depot
491,451,Directed,Depot
490,290,Directed,Depot
491,452,Directed,Depot
490,291,Directed,Depot
491,453,Directed,Depot
490,292,Directed,Depot
491,454,Directed,Depot
490,293,Directed,Depot
491,455,Directed,Depot
490,294,Directed,Depot
491,456,Directed,Depot
490,295,Directed,Depot
491,457,Directed,Depot
490,296,Directed,Depot
491,458,Directed,Depot
490,297,Directed,Depot
491,459,Directed,Depot
490,298,Directed,Depot
491,460,Directed,Depot
490,299,Directed,Depot
491,461,Directed,Depot
490,300,Directed,Depot
491,462,Directed,Depot
490,301,Directed,Depot
491,463,Directed,Depot
490,302,Directed,Depot
491,464,Directed,Depot
490,303,Directed,Depot
491,465,Directed,Depot
490,304,Directed,Depot
491,466,Directed,Depot
490,305,Directed,Depot
491,467,Directed,Depot
490,306,Directed,Depot
491,468,Directed,Depot
490,307,Directed,Depot
491,469,Directed,Depot
490,308,Directed,Depot
491,470,Directed,Depot
490,309,Directed,Depot
491,471,Directed,Depot
490,310,Directed,Depot
491,472,Directed,Depot
490,311,Directed,Depot
491,473,Directed,Depot
490,312,Directed,Depot
491,474,Directed,Depot
490,313,Directed,Depot
491,475,Directed,Depot
490,314,Directed,Depot
491,476,Directed,Depot
490,315,Directed,Depot
491,477,Directed,Depot
490,316,Directed,Depot
491,478,Directed,Depot
490,317,Directed,Depot
491,479,Directed,Depot
490,318,Directed,Depot
491,480,Directed,Depot
490,319,Directed,Depot
491,481,Directed,Depot
490,320,Directed,Depot
491,482,Directed,Depot
490,321,Directed,Depot
491,483,Directed,Depot
490,322,Directed,Depot
491,484,Directed,Depot
490,323,Directed,Depot
491,485,Directed,Depot
490,324,Directed,Depot
491,486,Directed,Depot
490,325,Directed,Depot
491,487,Directed,Depot
490,326,Directed,Depot
491,488,Directed,Depot
490,327,Directed,Depot
491,489,Directed,Depot
490,491,Directed,Depot
247,248,Directed,Waiting
248,249,Directed,Waiting
249,250,Directed,Waiting
250,251,Directed,Waiting
251,252,Directed,Waiting
252,253,Directed,Waiting
253,254,Directed,Waiting
254,255,Directed,Waiting
255,256,Directed,Waiting
256,257,Directed,Waiting
257,258,Directed,Waiting
258,259,Directed,Waiting
259,260,Directed,Waiting
260,261,Directed,Waiting
261,262,Directed,Waiting
262,263,Directed,Waiting
263,264,Directed,Waiting
264,265,Directed,Waiting
265,266,Directed,Waiting
266,267,Directed,Waiting
267,268,Directed,Waiting
268,269,Directed,Waiting
269,270,Directed,Waiting
270,271,Directed,Waiting
271,272,Directed,Waiting
272,273,Directed,Waiting
273,274,Directed,Waiting
274,275,Directed,Waiting
275,276,Directed,Waiting
276,277,Directed,Waiting
277,278,Directed,Waiting
278,279,Directed,Waiting
279,280,Directed,Waiting
280,281,Directed,Waiting
281,282,Directed,Waiting
282,283,Directed,Waiting
283,284,Directed,Waiting
284,285,Directed,Waiting
285,286,Directed,Waiting
286,287,Directed,Waiting
287,288,Directed,Waiting
288,289,Directed,Waiting
289,290,Directed,Waiting
290,291,Directed,Waiting
291,292,Directed,Waiting
292,293,Directed,Waiting
293,294,Directed,Waiting
294,295,Directed,Waiting
295,296,Directed,Waiting
296,297,Directed,Waiting
297,298,Directed,Waiting
298,299,Directed,Waiting
299,300,Directed,Waiting
300,301,Directed,Waiting
301,302,Directed,Waiting
302,303,Directed,Waiting
303,304,Directed,Waiting
304,305,Directed,Waiting
305,306,Directed,Waiting
306,307,Directed,Waiting
307,308,Directed,Waiting
308,309,Directed,Waiting
309,310,Directed,Waiting
310,311,Directed,Waiting
311,312,Directed,Waiting
312,313,Directed,Waiting
313,314,Directed,Waiting
314,315,Directed,Waiting
315,316,Directed,Waiting
316,317,Directed,Waiting
317,318,Directed,Waiting
318,319,Directed,Waiting
319,320,Directed,Waiting
320,321,Directed,Waiting
321,322,Directed,Waiting
322,323,Directed,Waiting
323,324,Directed,Waiting
324,325,Directed,Waiting
325,326,Directed,Waiting
326,327,Directed,Waiting
328,329,Directed,Waiting
329,330,Directed,Waiting
330,331,Directed,Waiting
331,332,Directed,Waiting
332,333,Directed,Waiting
333,334,Directed,Waiting
334,335,Directed,Waiting
335,336,Directed,Waiting
336,337,Directed,Waiting
337,338,Directed,Waiting
338,339,Directed,Waiting
339,340,Directed,Waiting
340,341,Directed,Waiting
341,342,Directed,Waiting
342,343,Directed,Waiting
343,344,Directed,Waiting
344,345,Directed,Waiting
345,346,Directed,Waiting
346,347,Directed,Waiting
347,348,Directed,Waiting
348,349,Directed,Waiting
349,350,Directed,Waiting
350,351,Directed,Waiting
351,352,Directed,Waiting
352,353,Directed,Waiting
353,354,Directed,Waiting
354,355,Directed,Waiting
355,356,Directed,Waiting
356,357,Directed,Waiting
357,358,Directed,Waiting
358,359,Directed,Waiting
359,360,Directed,Waiting
360,361,Directed,Waiting
361,362,Directed,Waiting
362,363,Directed,Waiting
363,364,Directed,Waiting
364,365,Directed,Waiting
365,366,Directed,Waiting
366,367,Directed,Waiting
367,368,Directed,Waiting
368,369,Directed,Waiting
369,370,Directed,Waiting
370,371,Directed,Waiting
371,372,Directed,Waiting
372,373,Directed,Waiting
373,374,Directed,Waiting
374,375,Directed,Waiting
375,376,Directed,Waiting
376,377,Directed,Waiting
377,378,Directed,Waiting
378,379,Directed,Waiting
379,380,Directed,Waiting
380,381,Directed,Waiting
381,382,Directed,Waiting
382,383,Directed,Waiting
383,384,Directed,Waiting
384,385,Directed,Waiting
385,386,Directed,Waiting
386,387,Directed,Waiting
387,388,Directed,Waiting
388,389,Directed,Waiting
389,390,Directed,Waiting
390,391,Directed,Waiting
391,392,Directed,Waiting
392,393,Directed,Waiting
393,394,Directed,Waiting
394,395,Directed,Waiting
395,396,Directed,Waiting
396,397,Directed,Waiting
397,398,Directed,Waiting
398,399,Directed,Waiting
399,400,Directed,Waiting
400,401,Directed,Waiting
401,402,Directed,Waiting
402,403,Directed,Waiting
403,404,Directed,Waiting
404,405,Directed,Waiting
405,406,Directed,Waiting
406,407,Directed,Waiting
407,408,Directed,Waiting
